casilla_id,distrito_fed_17,distrito_fed_12,distrito_loc_17,distrito_loc_12,are,seccion,casilla,tipo_seccion,pri_pvem,pan_na,prd,pt,mc,otros,total,ln,tamano_md,tamano_gd,region,casilla_ex,rural,ln_total
416,1,1,2,2,1-43,2545,B-C,U,154,159,14,8,6,26,367,636,1,0,2,0,0,636
176,4,1,1,1,1-88,2384,B-C,U,168,107,13,3,2,3,296,439,0,0,1,0,0,439
157,4,1,1,1,1-84,2376,B-C,U,170,115,12,6,2,10,315,474,0,0,1,0,0,474
456,1,1,2,2,1-50,2559,B-C,U,165,193,14,8,5,14,399,684,1,0,2,0,0,684
600,1,1,2,2,1-12,2936,B-C,M,75,157,9,0,0,5,246,307,0,0,2,0,0,307
109,4,1,1,1,1-63,2347,B-C,U,201,199,12,20,1,9,442,648,1,0,1,0,0,648
445,1,1,2,2,1-45,2556,B-C,U,156,180,20,15,15,31,417,740,1,0,2,0,0,740
173,4,1,1,1,1-86,2382,B-C,U,163,107,11,0,0,13,294,505,1,0,1,0,0,505
206,4,1,1,1,1-95,2398,B-C,R,116,126,13,0,0,7,262,519,1,0,1,0,1,519
87,4,1,1,1,1-97,1899,B-C,R,50,119,7,2,1,20,199,433,0,0,1,0,1,433
500,1,1,2,2,1-35,2586,B-C,R,124,166,20,43,9,26,388,678,1,0,2,0,1,678
247,4,1,1,1,1-82,2420,B-C,R,174,130,4,5,1,18,332,541,1,0,1,0,1,541
582,1,1,2,2,1-26,2899,B-C,R,139,91,12,0,0,9,251,376,1,0,2,0,1,376
474,1,1,2,2,1-39,2573,B-C,R,141,203,2,2,0,34,382,747,1,0,2,0,1,747
481,1,1,2,2,1-41,2577,B-C,R,105,163,13,6,2,31,320,672,0,0,2,0,1,672
472,1,1,2,2,1-39,2572,B-C,R,77,127,14,8,12,21,259,469,0,0,2,0,1,469
141,4,1,1,1,1-67,2366,B-C,R,141,117,6,11,0,16,291,652,0,0,1,0,1,652
6040,10,10,20,20,10-70,2803,S,U,59,91,4,0,2,3,159,0,1,0,2,0,0,159
6002,10,10,20,20,10-62,2790,B-C,U,160,190,6,1,1,13,371,673,1,0,2,0,0,673
6053,10,10,20,20,10-72,2808,B-C,U,110,166,15,2,4,6,303,570,1,0,2,0,0,570
6343,10,10,20,21,10-22,2285,B-C,M,124,197,16,7,1,14,359,647,1,0,2,0,0,647
6357,10,10,20,21,10-25,2291,B-C,R,49,163,6,15,3,10,246,448,0,0,2,0,1,448
6069,10,10,20,20,10-76,2814,B-C,R,103,97,11,2,0,11,224,597,1,0,2,0,1,597
6125,10,10,20,20,10-88,2975,B-C,R,115,148,54,12,2,36,367,584,1,0,2,0,1,584
6173,10,10,20,20,10-97,3002,B-C,R,85,84,14,8,0,21,212,432,0,0,2,0,1,432
5983,10,10,20,20,10-15,1893,B-C,R,94,100,26,3,1,10,234,489,0,0,2,0,1,489
6174,10,10,20,20,10-96,3003,B-C,R,52,137,3,3,0,5,200,436,0,0,2,0,1,436
5419,7,11,18,18,11-42,1912,B-C,M,227,157,3,1,1,36,425,739,1,0,1,0,0,739
5398,13,11,10,18,11-84,726,B-C,U,169,107,58,3,0,19,356,545,1,0,1,0,0,545
3824,13,11,18,13,11-65,9,B-C,U,126,309,12,1,1,4,453,686,1,0,1,0,0,686
5366,7,11,10,18,11-96,600,B-C,R,105,33,4,8,0,9,159,232,0,0,1,0,1,232
5408,13,11,10,18,11-83,734,B-C,R,34,86,50,2,0,14,186,271,0,0,1,0,1,271
5663,13,11,18,19,11-55,928,B-C,R,85,149,37,3,0,0,274,515,1,0,1,0,1,515
3905,13,11,18,13,11-57,48,B-C,R,165,83,2,4,0,12,266,513,1,0,1,0,1,513
5467,7,11,18,18,11-50,1933,B-C,R,168,28,0,2,0,9,207,348,0,0,1,0,1,348
5660,13,11,18,19,11-53,927,B-C,R,142,131,47,50,3,11,384,622,1,0,1,0,1,622
3906,13,11,18,13,11-57,48,B-C,R,124,84,6,2,0,8,224,513,1,0,1,0,1,513
5656,13,11,18,19,11-52,924,B-C,R,70,123,41,31,1,12,278,387,0,0,1,0,1,387
3853,13,11,18,13,11-75,21,B-C,R,154,128,15,4,1,14,316,543,1,0,1,0,1,543
5343,7,11,10,18,11-100,582,B-C,R,159,136,5,3,0,9,312,517,1,0,1,0,1,517
3865,13,11,18,13,11-74,27,B-C,R,192,274,10,2,5,11,494,664,1,0,1,0,1,664
5490,7,11,18,18,11-34,1949,B-C,R,57,150,4,5,1,18,235,443,0,0,1,0,1,443
5636,7,11,18,18,11-24,2025,B-C,R,240,310,39,2,1,31,623,659,1,0,1,0,1,659
3879,13,11,18,13,11-70,34,B-C,R,102,177,9,5,0,10,303,558,1,0,1,0,1,558
3847,13,11,18,13,11-77,19,B-C,R,153,116,21,1,3,19,313,539,1,0,1,0,1,539
4681,12,12,16,16,12-37,336,B-C,U,168,210,33,5,2,8,426,728,0,1,2,0,0,728
4790,12,12,16,16,12-1,404,B-C,U,161,190,17,2,4,16,390,570,0,0,2,0,0,570
4700,12,12,16,16,12-26,340,B-C,U,128,193,27,5,6,14,373,612,1,0,2,0,0,612
4893,2,12,16,16,12-69,503,B-C,U,106,214,3,2,12,7,344,567,1,0,2,0,0,567
4579,12,12,15,15,12-57,529,B-C,M,139,158,12,3,0,14,326,621,1,0,2,0,0,621
4829,12,12,15,16,12-9,453,B-C,U,135,126,18,6,1,10,296,503,1,0,2,0,0,503
4367,12,12,16,15,12-41,347,B-C,NA,156,226,35,10,5,8,440,720,0,1,2,0,0,720
4762,12,12,16,16,12-30,376,B-C,U,160,224,41,10,4,16,455,687,1,0,2,0,0,687
4439,12,12,15,15,12-2,407,B-C,U,130,159,13,5,2,15,324,503,1,0,2,0,0,503
4921,2,12,16,16,12-75,520,B-C,M,145,210,18,5,7,12,397,728,1,0,2,0,0,728
4919,2,12,16,16,12-74,519,B-C,U,128,176,49,11,10,23,397,725,1,0,2,0,0,725
4855,12,12,15,16,12-14,471,B-C,U,196,191,31,5,8,18,449,738,1,0,2,0,0,738
4364,12,12,16,15,12-42,347,B-C,NA,158,238,28,3,11,12,450,720,0,1,2,0,0,720
4402,12,12,15,15,12-47,367,B-C,U,101,143,5,3,3,11,266,450,0,0,2,0,0,450
4584,12,12,15,15,12-56,532,B-C,R,174,246,15,3,1,20,459,708,1,0,2,0,1,708
4547,2,12,16,15,12-62,497,B-C,R,145,242,6,8,1,19,421,740,1,0,2,0,1,740
4941,12,12,15,16,12-77,539,B-C,R,82,228,7,1,0,11,329,504,1,0,2,0,1,504
5675,13,13,19,19,13-47,1183,B-C,U,179,219,9,3,2,7,419,666,1,0,2,0,0,666
5729,13,13,19,19,13-58,2822,B-C,U,64,182,40,1,2,11,300,436,0,0,2,0,0,436
5768,13,13,19,19,13-65,2839,B-C,U,45,178,44,1,2,20,290,509,1,0,2,0,0,509
4980,12,13,15,16,13-19,564,B-C,M,103,279,6,3,1,14,406,742,0,0,2,0,0,742
5788,13,13,19,19,13-64,2845,B-C,U,48,162,83,8,1,17,319,652,1,0,2,0,0,652
6280,10,13,19,21,13-39,705,B-C,U,104,167,11,1,2,6,291,508,1,0,2,0,0,508
5784,13,13,19,19,13-69,2844,B-C,U,37,174,94,1,3,24,333,588,1,0,2,0,0,588
5676,13,13,19,19,13-47,1183,B-C,U,190,177,8,1,3,15,394,665,1,0,2,0,0,665
5779,13,13,19,19,13-66,2842,B-C,U,53,159,91,1,6,22,332,612,1,0,2,0,0,612
4526,12,13,15,15,13-9,485,B-C,U,121,147,14,5,1,11,299,546,1,0,2,0,0,546
6243,10,13,19,21,13-32,689,B-C,U,133,174,24,3,0,18,352,579,1,0,2,0,0,579
5737,13,13,19,19,13-59,2825,B-C,U,45,203,59,4,3,20,334,507,1,0,2,0,0,507
5674,13,13,19,19,13-47,1183,B-C,U,183,178,14,2,2,14,393,666,1,0,2,0,0,666
5732,13,13,19,19,13-57,2823,B-C,U,122,266,45,8,3,19,463,702,1,0,2,0,0,702
6200,10,13,19,21,13-23,671,B-C,U,170,244,21,7,3,14,459,670,1,0,2,0,0,670
4493,12,13,15,15,13-4,451,B-C,U,115,158,15,3,3,7,301,464,0,0,2,0,0,464
4981,12,13,15,16,13-19,565,B-C,M,54,158,8,1,0,8,229,422,0,0,2,0,0,422
4590,12,13,15,15,13-15,536,B-C,U,177,88,8,5,1,8,287,473,0,0,2,0,0,473
5672,13,13,19,19,13-44,1182,B-C,U,200,210,18,7,6,9,450,639,1,0,2,0,0,639
4534,12,13,15,15,13-12,487,B-C,U,158,136,13,5,7,8,327,678,1,0,2,0,0,678
5905,13,13,19,19,13-93,2888,B-C,M,115,64,111,1,1,12,304,413,1,0,2,0,0,413
6239,10,13,19,21,13-31,688,B-C,U,140,178,28,5,0,8,359,635,1,0,2,0,0,635
5794,13,13,19,19,13-70,2847,B-C,U,46,170,74,3,4,19,316,591,1,0,2,0,0,591
6199,10,13,19,21,13-23,670,B-C,U,98,204,43,3,7,8,363,619,1,0,2,0,0,619
6216,10,13,19,21,13-25,678,B-C,U,95,160,14,1,5,9,284,400,0,0,2,0,0,400
5791,13,13,19,19,13-70,2847,B-C,U,49,181,93,4,1,17,345,592,1,0,2,0,0,592
5703,13,13,19,19,13-52,1196,B-C,M,142,201,14,1,4,11,373,582,1,0,2,0,0,582
4599,12,13,15,15,13-16,541,B-C,R,69,252,14,3,0,9,347,570,1,0,2,0,1,570
5694,13,13,19,19,13-50,1192,B-C,R,51,178,19,5,2,11,266,485,1,0,2,0,1,485
6284,10,13,19,21,13-41,707,B-C,R,68,86,8,0,1,11,174,415,0,0,2,0,1,415
5868,13,13,19,19,13-90,2875,E,R,15,170,56,3,0,16,260,423,1,0,2,1,1,423
6484,14,14,22,22,14-8,67,B-C,U,95,154,34,3,4,14,304,578,1,0,2,0,0,578
5003,14,14,22,17,14-47,252,B-C,M,81,116,13,5,125,36,376,651,1,0,2,0,0,651
6650,14,14,22,22,14-79,1206,B-C,U,109,112,97,1,4,13,336,525,1,0,2,0,0,525
6475,14,14,22,22,14-5,62,B-C,M,88,151,34,8,3,13,297,475,0,0,2,0,0,475
6477,14,14,22,22,14-4,64,B-C,U,69,125,27,4,3,13,241,429,0,0,2,0,0,429
6474,14,14,22,22,14-5,62,B-C,M,90,160,29,6,6,8,299,475,0,0,2,0,0,475
6495,14,14,22,22,14-7,72,B-C,U,74,139,38,13,4,18,286,558,1,0,2,0,0,558
5077,14,14,9,17,14-55,291,B-C,U,122,196,20,7,3,8,356,528,1,0,2,0,0,528
4995,14,14,22,17,14-39,248,S,U,54,54,7,4,5,4,128,0,1,0,2,0,0,128
6487,14,14,22,22,14-7,68,B-C,U,89,133,18,8,3,10,261,403,0,0,2,0,0,403
6715,14,14,22,22,14-96,1253,B-C,NA,18,14,6,0,0,6,44,52,0,0,2,0,0,52
6555,14,14,22,22,14-18,101,B-C,R,47,127,33,4,1,20,232,555,1,0,2,0,1,555
6667,14,14,22,22,14-85,1217,B-C,R,97,107,10,2,0,12,228,505,0,0,2,0,1,505
5115,14,14,9,17,14-64,307,B-C,R,151,76,12,3,1,3,246,512,1,0,2,0,1,512
5117,14,14,9,17,14-65,308,B-C,R,145,142,7,4,4,5,307,532,0,0,2,0,1,532
5142,14,14,9,17,14-69,320,B-C,R,316,339,23,4,0,20,702,619,1,0,2,0,1,619
6641,14,14,22,22,14-74,660,B-C,R,133,245,72,3,0,12,465,723,1,0,2,0,1,723
339,2,2,2,2,2-69,2509,B-C,U,133,101,41,4,0,12,291,431,0,0,2,0,0,431
2570,2,2,9,9,2-13,157,B-C,U,128,160,12,4,4,21,329,551,1,0,2,0,0,551
2577,2,2,9,9,2-12,160,B-C,U,140,131,9,6,3,12,301,437,0,0,2,0,0,437
5202,2,2,17,17,2-64,623,B-C,U,69,186,19,2,5,16,297,558,1,0,2,0,0,558
345,2,2,2,2,2-79,2512,B-C,U,212,145,67,3,0,12,439,730,1,0,2,0,0,730
2549,2,2,9,9,2-10,150,B-C,U,93,146,12,2,2,0,255,401,0,0,2,0,0,401
5238,2,2,17,17,2-68,641,B-C,R,65,259,19,2,6,14,365,718,1,0,2,0,1,718
365,2,2,2,2,2-78,2522,B-C,R,118,121,17,3,0,15,274,420,0,0,2,0,1,420
309,1,2,2,2,2-95,746,B-C,R,83,237,4,3,17,13,357,477,0,0,2,0,1,477
2629,2,2,9,9,2-29,184,B-C,R,50,112,5,4,2,21,194,444,0,0,2,0,1,444
2679,2,2,9,9,2-39,213,B-C,R,65,122,5,5,5,12,214,488,0,0,2,0,1,488
2635,2,2,9,9,2-27,187,B-C,R,70,147,11,2,0,10,240,490,0,0,2,0,1,490
394,2,2,2,2,2-82,2535,B-C,R,192,123,31,13,0,16,375,601,1,0,2,0,1,601
1957,6,3,7,7,3-56,1419,B-C,U,153,107,5,2,2,9,278,406,0,0,1,0,0,406
1203,3,3,4,4,3-15,1481,B-C,M,157,172,19,4,3,15,370,514,1,0,1,0,0,514
951,3,3,3,4,3-8,1283,B-C,U,207,283,17,1,2,5,515,736,1,0,1,0,0,736
1018,3,3,3,4,3-12,1304,B-C,U,184,269,22,4,4,7,490,706,1,0,1,0,0,706
1240,3,3,4,4,3-81,1496,B-C,NA,168,161,5,1,2,6,343,745,0,1,1,0,0,745
1209,6,3,4,4,3-18,1485,B-C,U,187,145,3,2,1,22,360,717,1,0,1,0,0,717
1169,20,3,21,4,3-68,1392,B-C,NA,207,231,23,4,4,7,476,734,0,1,1,0,0,734
1252,6,3,4,4,3-77,1498,B-C,M,179,127,3,2,0,6,317,473,0,0,1,0,0,473
955,3,3,4,4,3-17,1284,B-C,U,191,180,10,3,1,13,398,670,0,1,1,0,0,670
1878,6,3,7,7,3-44,1370,B-C,U,160,149,8,2,0,13,332,513,1,0,1,0,0,513
1981,6,3,21,7,3-63,1450,B-C,U,198,281,14,3,2,14,512,738,1,0,1,0,0,738
993,3,3,4,4,3-20,1296,B-C,U,152,139,9,0,2,3,305,435,0,0,1,0,0,435
1132,3,3,7,4,3-36,1351,B-C,U,194,209,14,2,5,6,430,647,1,0,1,0,0,647
1126,6,3,7,4,3-38,1349,B-C,U,203,207,16,5,2,3,436,676,1,0,1,0,0,676
1896,6,3,7,7,3-50,1381,B-C,U,162,113,6,0,1,8,290,478,0,0,1,0,0,478
985,3,3,3,4,3-11,1292,B-C,U,170,197,4,2,1,9,383,635,1,0,1,0,0,635
20,1,4,1,1,4-4,758,B-C,U,198,196,14,3,7,12,430,718,1,0,1,0,0,718
2765,1,4,8,9,4-6,773,B-C,U,164,214,12,1,7,16,414,653,1,0,1,0,0,653
3530,9,4,11,12,4-89,945,B-C,U,102,180,13,5,2,4,306,420,0,0,1,0,0,420
2283,4,4,8,8,4-60,869,B-C,U,174,83,14,7,2,17,297,545,1,0,1,0,0,545
2195,4,4,8,8,4-42,825,B-C,M,133,130,20,8,3,14,308,496,0,0,1,0,0,496
2254,4,4,8,8,4-53,854,B-C,U,223,119,26,1,2,23,394,713,1,0,1,0,0,713
2319,4,4,8,8,4-67,878,S,M,76,91,20,0,2,1,190,0,0,1,1,0,0,190
3756,9,4,11,12,4-105,1137,B-C,M,134,217,8,5,1,18,383,587,1,0,1,0,0,587
2729,1,4,1,9,4-7,760,B-C,U,209,202,8,3,6,18,446,717,1,0,1,0,0,717
2770,1,4,8,9,4-11,775,B-C,U,179,192,13,3,4,11,402,694,1,0,1,0,0,694
3754,9,4,11,12,4-105,1136,B-C,R,134,265,5,3,1,22,430,662,1,0,1,0,1,662
2334,4,4,8,8,4-69,889,B-C,R,110,171,9,9,3,13,315,557,1,0,1,0,1,557
2375,4,4,8,8,4-83,907,B-C,R,150,160,4,2,1,12,329,605,1,0,1,0,1,605
1502,5,5,6,5,5-41,1830,B-C,U,155,152,9,5,1,6,328,450,0,0,1,0,0,450
1314,5,5,7,5,5-32,1459,B-C,U,191,194,18,2,2,10,417,617,0,0,1,0,0,617
822,5,5,7,3,5-27,1744,B-C,U,147,162,9,0,1,12,331,452,0,0,1,0,0,452
1487,5,5,7,5,5-32,1821,B-C,U,256,147,4,0,3,11,421,690,0,0,1,0,0,690
1417,5,5,5,5,5-66,1787,B-C,U,134,181,12,5,4,17,353,627,1,0,1,0,0,627
721,3,5,3,3,5-13,1696,B-C,U,151,184,7,4,0,13,359,571,1,0,1,0,0,571
1409,5,5,7,5,5-45,1785,B-C,U,149,155,3,1,0,9,317,526,1,0,1,0,0,526
1372,5,5,5,5,5-49,1494,B-C,M,208,158,8,1,2,9,386,683,0,1,1,0,0,683
1541,5,5,5,5,5-70,1847,B-C,U,203,215,4,1,3,11,437,734,1,0,1,0,0,734
826,5,5,7,3,5-36,1746,B-C,U,151,156,7,1,2,8,325,475,0,0,1,0,0,475
759,3,5,3,3,5-22,1714,B-C,U,170,182,6,0,4,18,380,501,1,0,1,0,0,501
625,3,5,3,3,5-4,1268,B-C,U,201,194,11,3,2,17,428,738,1,0,1,0,0,738
1509,5,5,5,5,5-74,1833,B-C,U,168,118,8,5,2,23,324,562,1,0,1,0,0,562
1513,5,5,5,5,5-72,1835,B-C,U,192,137,6,0,3,17,355,607,1,0,1,0,0,607
886,5,5,5,3,5-65,1774,B-C,U,196,202,12,0,2,0,412,702,1,0,1,0,0,702
1666,11,6,6,6,6-65,1552,B-C,U,153,178,9,2,5,17,364,643,1,0,1,0,0,643
1695,11,6,6,6,6-65,1572,B-C,U,209,221,7,5,0,7,449,642,0,0,1,0,0,642
2107,11,6,21,7,6-26,1642,B-C,U,200,159,7,7,2,16,391,708,0,1,1,0,0,708
1992,6,6,7,7,6-56,1516,B-C,U,131,213,11,2,1,5,363,462,0,0,1,0,0,462
1750,11,6,6,6,6-74,1605,B-C,U,196,138,3,2,4,9,352,568,1,0,1,0,0,568
2060,6,6,4,7,6-30,1632,B-C,NA,191,213,8,2,1,0,415,743,0,1,1,0,0,743
1747,11,6,6,6,6-75,1604,B-C,U,220,212,6,2,1,9,450,702,1,0,1,0,0,702
2069,11,6,21,7,6-27,1633,B-C,U,210,183,11,5,2,10,421,704,1,0,1,0,0,704
1782,11,6,21,6,6-46,1614,B-C,U,183,252,12,3,3,8,461,725,0,1,1,0,0,725
1822,11,6,6,6,6-77,1649,B-C,U,230,126,4,0,0,6,366,635,1,0,1,0,0,635
2105,11,6,21,7,6-26,1642,B-C,U,180,189,10,6,0,7,392,708,0,1,1,0,0,708
2152,11,6,21,7,6-22,1647,B-C,U,177,177,6,2,0,0,362,737,0,1,1,0,0,737
2123,11,6,21,7,6-23,1643,B-C,U,188,158,4,2,0,18,370,694,0,1,1,0,0,694
2029,11,6,21,7,6-38,1586,B-C,U,156,191,7,4,3,7,368,564,1,0,1,0,0,564
1319,5,6,5,5,6-83,1464,B-C,U,175,171,9,5,4,15,379,647,0,0,1,0,0,647
1738,11,6,6,6,6-74,1599,B-C,U,156,99,3,1,1,4,264,418,0,0,1,0,0,418
1755,11,6,6,6,6-72,1608,B-C,U,165,164,3,5,0,2,339,546,1,0,1,0,0,546
2150,11,6,21,7,6-21,1647,B-C,U,221,177,10,0,2,0,410,737,0,1,1,0,0,737
1722,11,6,6,6,6-50,1591,B-C,U,168,131,5,3,1,5,313,578,1,0,1,0,0,578
1723,11,6,6,6,6-52,1592,B-C,U,177,216,10,4,1,15,423,716,1,0,1,0,0,716
1787,11,6,21,6,6-47,1616,B-C,U,145,153,17,5,0,10,330,470,0,0,1,0,0,470
1556,5,6,5,5,6-81,1855,B-C,U,181,147,5,1,1,13,348,646,1,0,1,0,0,646
2135,11,6,6,7,6-19,1646,B-C,U,180,145,7,6,0,14,352,644,1,0,1,0,0,644
2153,11,6,21,7,6-22,1647,B-C,U,191,165,8,1,3,11,379,737,0,1,1,0,0,737
1832,11,6,6,6,6-12,1656,B-C,R,142,117,1,1,1,9,271,443,0,0,1,0,1,443
1835,11,6,6,6,6-12,1657,B-C,R,207,180,4,1,2,9,403,697,1,0,1,0,1,697
2429,9,7,13,8,7-65,2663,B-C,U,157,187,20,3,4,22,393,642,1,0,1,0,0,642
2983,7,7,10,10,7-32,2448,B-C,U,102,248,1,0,0,6,357,534,1,0,1,0,0,534
3060,7,7,10,10,7-45,2477,B-C,U,145,244,7,3,2,6,407,702,0,1,1,0,0,702
3121,9,7,13,10,7-65,2665,B-C,U,128,130,7,6,2,9,282,544,1,0,1,0,0,544
3030,7,7,10,10,7-41,2470,B-C,U,121,233,1,2,0,8,365,604,1,0,1,0,0,604
2441,9,7,13,8,7-73,2669,B-C,U,201,208,15,4,3,14,445,728,1,0,1,0,0,728
2403,9,7,13,8,7-59,2654,B-C,U,150,129,13,4,4,9,309,649,1,0,1,0,0,649
3043,7,7,10,10,7-38,2474,B-C,U,153,262,6,3,0,6,430,608,1,0,1,0,0,608
2922,13,7,13,10,7-17,2069,B-C,U,140,163,62,4,0,14,383,589,1,0,1,0,0,589
2447,9,7,13,8,7-71,2672,B-C,U,169,190,19,7,1,14,400,725,0,0,1,0,0,725
2442,9,7,13,8,7-73,2669,B-C,U,216,186,15,5,2,18,442,727,1,0,1,0,0,727
2411,9,7,13,8,7-63,2656,B-C,U,176,181,12,3,1,9,382,628,1,0,1,0,0,628
2995,7,7,10,10,7-34,2453,B-C,U,161,278,1,1,0,9,450,713,1,0,1,0,0,713
2409,9,7,13,8,7-63,2656,B-C,U,156,183,16,8,0,7,370,628,1,0,1,0,0,628
2984,7,7,10,10,7-32,2448,B-C,U,77,284,1,1,0,10,373,534,1,0,1,0,0,534
2903,13,7,13,10,7-17,2061,B-C,U,144,117,45,1,4,10,321,503,1,0,1,0,0,503
3046,7,7,10,10,7-39,2475,B-C,U,144,286,8,3,1,9,451,701,1,0,1,0,0,701
2900,13,7,13,10,7-15,2059,B-C,U,146,129,55,0,0,14,344,533,1,0,1,0,0,533
3110,7,7,10,10,7-53,2499,B-C,R,137,72,4,0,0,0,213,512,1,0,1,0,1,512
3196,9,7,13,10,7-95,2731,B-C,R,71,119,13,8,0,16,227,434,0,0,1,0,1,434
3145,9,7,13,10,7-85,2695,B-C,R,148,150,10,0,0,12,320,567,1,0,1,0,1,567
3096,7,7,10,10,7-55,2493,B-C,R,208,173,8,0,0,38,427,740,0,0,1,0,1,740
2951,13,7,13,10,7-24,2088,B-C,R,111,85,69,2,1,23,291,653,1,0,1,0,1,653
3069,7,7,10,10,7-46,2480,B-C,R,112,182,2,0,1,11,308,534,1,0,1,0,1,534
3940,8,8,14,13,8-69,2151,B-C,U,129,125,16,9,4,19,302,470,0,0,2,0,0,470
4118,8,8,14,14,8-80,2116,B-C,U,221,157,23,15,7,14,437,608,0,0,2,0,0,608
4168,8,8,14,14,8-83,2149,B-C,U,149,162,14,8,4,21,358,558,0,0,2,0,0,558
4006,8,8,14,13,8-97,2193,B-C,U,194,174,25,16,10,11,430,703,0,1,2,0,0,703
4211,8,8,14,14,8-39,2204,B-C,U,167,123,15,2,1,12,320,568,1,0,2,0,0,568
4290,8,8,17,14,8-30,2619,B-C,U,125,156,14,3,0,4,302,401,0,0,2,0,0,401
4177,8,8,14,14,8-89,2160,B-C,U,160,155,17,15,4,17,368,530,1,0,2,0,0,530
4123,8,8,14,14,8-80,2119,B-C,U,228,216,23,15,7,10,499,685,0,0,2,0,0,685
3937,8,8,14,13,8-69,2143,B-C,U,113,162,9,7,1,8,300,431,0,0,2,0,0,431
4028,8,8,14,13,8-99,2197,B-C,U,169,194,19,8,2,19,411,693,1,0,2,0,0,693
4065,8,8,14,13,8-63,2245,B-C,U,98,159,19,7,0,10,293,531,1,0,2,0,0,531
4287,8,8,17,14,8-36,2617,B-C,U,118,297,16,6,2,21,460,701,1,0,2,0,0,701
4278,8,8,17,14,8-28,2613,B-C,U,100,259,11,3,4,13,390,678,1,0,2,0,0,678
4264,8,8,17,14,8-35,2608,B-C,U,99,239,14,2,3,20,377,583,1,0,2,0,0,583
4641,8,8,17,15,8-6,2921,B-C,M,127,254,14,3,2,20,420,585,1,0,2,0,0,585
4075,8,8,14,13,8-58,2250,B-C,R,144,216,37,2,3,22,424,674,0,0,2,0,1,674
4242,8,8,14,14,8-47,2222,B-C,R,181,95,20,2,5,19,322,464,0,0,2,0,1,464
4204,8,8,14,14,8-38,2201,B-C,R,75,114,8,3,0,9,209,420,0,0,2,0,1,420
4087,8,8,14,13,8-57,2257,B-C,R,77,186,25,1,2,11,302,508,1,0,2,0,1,508
4351,8,8,17,14,8-34,2640,B-C,R,116,160,23,8,2,6,315,528,1,0,2,0,1,528
4223,8,8,14,14,8-44,2211,B-C,R,193,131,20,9,1,27,381,627,0,0,2,0,1,627
4254,8,8,14,14,8-49,2228,B-C,R,94,205,9,4,1,8,321,535,1,0,2,0,1,535
3370,15,9,12,11,9-56,1089,B-C,U,191,136,6,3,3,10,349,563,1,0,1,0,0,563
3624,15,9,12,12,9-61,1004,B-C,U,187,160,6,2,1,4,360,582,0,0,1,0,0,582
3387,15,9,11,11,9-48,1099,B-C,U,210,150,9,2,4,9,384,685,0,1,1,0,0,685
3356,15,9,11,11,9-25,1078,B-C,U,199,160,11,1,2,13,386,721,0,1,1,0,0,721
3522,9,9,11,12,9-31,933,B-C,U,197,260,12,3,2,9,483,703,1,0,1,0,0,703
3533,9,9,11,12,9-37,949,B-C,U,129,244,7,2,0,0,382,522,1,0,1,0,0,522
3495,15,9,12,11,9-18,1170,B-C,M,138,132,5,4,2,10,291,532,1,0,1,0,0,532
3543,15,9,11,12,9-37,953,B-C,U,155,229,13,0,3,7,407,549,1,0,1,0,0,549
3478,15,9,12,11,9-20,1162,B-C,M,134,234,5,1,0,8,382,626,1,0,1,0,0,626
3663,15,9,12,12,9-78,1056,B-C,U,146,126,10,4,3,10,299,517,1,0,1,0,0,517
3464,9,9,11,11,9-13,1153,B-C,M,171,109,20,4,0,12,316,600,1,0,1,0,0,600
3374,15,9,12,11,9-55,1091,B-C,U,205,146,12,2,3,12,380,679,1,0,1,0,0,679
3473,9,9,11,11,9-14,1160,B-C,M,141,140,5,5,0,14,305,567,1,0,1,0,0,567
3244,15,9,11,11,9-42,961,B-C,U,116,164,1,0,2,5,288,400,0,0,1,0,0,400
3221,9,9,11,11,9-32,946,B-C,U,129,213,12,2,3,7,366,494,0,0,1,0,0,494
3706,15,9,12,12,9-80,1109,B-C,U,112,166,11,0,4,8,301,416,0,0,1,0,0,416
3333,15,9,12,11,9-55,1067,B-C,U,182,213,12,3,2,15,427,692,1,0,1,0,0,692
